[{"Around the world": {"tahun": "2015", "penerbit": "Gramedia", "pencipta": "Unknown", "status": "rented"}}, {"Cara Membuat Aplikasi Pergudangan": {"tahun": "2022", "penerbit": "Ethan Company", "pencipta": "Ethan Bastian", "status": "available"}}, {"Ensiklopedia: Air Menghancurkan Batu": {"tahun": "2016", "penerbit": "Pt.Ilmu Baru", "pencipta": "Seniman Lucu", "status": "available"}}, {"LULUS TES CPNS CEPAT 2021": {"tahun": "2021", "penerbit": "PT.Persatuan Terpadu", "pencipta": "Dr.Widyo Sapri", "status": "available"}}, {"LULUS UN SMP 2021": {"tahun": "2021", "penerbit": "Pt.Persatuan Terpadu", "pencipta": "Drs.Fifin Verdandi", "status": "available"}}]