[{"Bintang": {"tahun": "2017", "penerbit": "Gramedia Pustaka Utama", "pencipta": "Tere Liye", "status": "available"}}, {"Bulan": {"tahun": "2015", "penerbit": "Gramedia Pustaka Utama", "pencipta": "Tere Liye", "status": "available"}}, {"Bumi": {"tahun": "2014", "penerbit": "Gramedia Pustaka Utama", "pencipta": "Tere Liye", "status": "available"}}, {"Ceros dan Batozar": {"tahun": "2018", "penerbit": "Gramedia Pustaka Utama", "pencipta": "Tere Liye", "status": "available"}}, {"Komet": {"tahun": "2018", "penerbit": "Gramedia Pustaka Utama", "pencipta": "Tere Liye", "status": "available"}}, {"Komet Minor": {"tahun": "2019", "penerbit": "Gramedia Pustaka Utama", "pencipta": "Tere Liye", "status": "available"}}, {"Lumpu": {"tahun": "2021", "penerbit": "Gramedia Pustaka Utama", "pencipta": "Tere Liye", "status": "available"}}, {"Matahari": {"tahun": "2016", "penerbit": "Gramedia Pustaka Utama", "pencipta": "Tere Liye", "status": "available"}}, {"Nebula": {"tahun": "2020", "penerbit": "Gramedia Pustaka Utama", "pencipta": "Tere Liye", "status": "available"}}, {"Selena": {"tahun": "2020", "penerbit": "Gramedia Pustaka Utama", "pencipta": "Tere Liye", "status": "available"}}, {"Seven Knights": {"tahun": "2021", "penerbit": "Muse Asia", "pencipta": "unknown", "status": "rented"}}, {"Si Putih": {"tahun": "2020", "penerbit": "Gramedia Pustaka Utama", "pencipta": "Tere Liye", "status": "available"}}, {"Tensura": {"tahun": "2010", "penerbit": "Muse Asia", "pencipta": "Unknown", "status": "available"}}, {"The Gamer": {"tahun": "2017", "penerbit": "Webtoon", "pencipta": "Sang-A", "status": "available"}}]