[{"Death Is The Only Ending For The Villainess": {"tahun": "2020", "penerbit": "Kakaopage", "pencipta": "Gwon Gyeoeul", "status": "available"}}, {"Dilan": {"tahun": "1990", "penerbit": "KOMPAS GRAMEDIA", "pencipta": "Dilan", "status": "rented"}}, {"I Wanna Be U": {"tahun": "2019", "penerbit": "Webtoon", "pencipta": "SAM", "status": "available"}}, {"One Night With Emperor": {"tahun": "2021", "penerbit": "Webtoon", "pencipta": "Bloomyy", "status": "available"}}, {"Together Forever": {"tahun": "2015", "penerbit": "Addison Company", "pencipta": "Addison Wesley", "status": "available"}}, {"Tweening": {"tahun": "2018", "penerbit": "Webtoon", "pencipta": "Amabel Emillavta", "status": "available"}}]